CHEMICAL VVL,CHEMICAL NAME,NATURALLY OCCURRING,UNITS,COMPARISON CONCENTRATION (VALUE),COMPARISON CONCENTRATION TYPE,DDW (WQM),DDW (SDWIS),DPR,DWR,WB CLEANUP (EDF),GAMA DOM (EL_DORADO),GAMA SP-STUDY (LLNL),GAMA DOM (TEHAMA),GAMA USGS,GAMA DOM (YUBA),WRD,USGS (NWIS)
DCE11,"1,1 Dichloroethylene (1,1 DCE)",,UG/L,6,MCL,34501,2977,,"1,1-Dichloroethene",DCE11,"1,1-Dichloroethene/ 1,1-Dichloroethylene ",,DCE11,"1,1-Dichloroethene, wu","1,1-Dichloroethene/ 1,1-Dichloroethylene ",34501,"1,1-Dichloroethene, water, unfiltered, recoverable, micrograms per liter"
TCA111,"1,1,1-Trichloroethane",,UG/L,200,MCL,34506,2981,,"1,1,1-Trichloroethane",TCA111,"1,1,1-Trichloroethane ",,TCA111,"1,1,1-Trichloroethane, wu","1,1,1-Trichloroethane ",34506,"1,1,1-Trichloroethane, water, unfiltered, recoverable, micrograms per liter"
PCA,"1,1,2,2 Tetrachloroethane (PCA)",,UG/L,1,MCL,34516,2988,,"1,1,2,2-Tetrachloroethane",PCA,"1,1,2,2-Tetrachloroethane ",,,"1,1,2,2-Tetrachloroethane, wu","1,1,2,2-Tetrachloroethane ",34516,"1,1,2,2-Tetrachloroethane, water, unfiltered, recoverable, micrograms per liter"
FC113,"1,1,2-Trichloro-1,2,2-Trifluoroethane (Freon 113)",,MG/L,1.2,MCL,81611,2904,,,FC113,Trichlorotrifluoroethane (FREON 113),,FC113,"CFC-113, wu",,81611,"1,1,2-Trichloro-1,2,2-trifluoroethane, for age dating, water, unfiltered, recoverable, picograms per kilogram -- 1,1,2-Trichloro-1,2,2-trifluoroethane, water, unfiltered, recoverable, micrograms per liter"
TCA112,"1,1,2-Trichloroethane",,UG/L,5,MCL,34511,2985,,"1,1,2-Trichloroethane",TCA112,"1,1,2-Trichloroethane ",,TCA112,"1,1,2-Trichloroethane, wu","1,1,2-Trichloroethane ",34511,"1,1,2-Trichloroethane, water, unfiltered, recoverable, micrograms per liter"
DCA11,"1,1-Dichloroethane (1,1 DCA)",,UG/L,5,MCL,34496,2978,,"1,1-Dichloroethane",DCA11,"1,1-Dichloroethane ",,DCA11,"1,1-Dichloroethane, wu","1,1-Dichloroethane ",34496,"1,1-Dichloroethane, water, unfiltered, recoverable, micrograms per liter"
EDB,"1,2 Dibromoethane (EDB)",,UG/L,0.05,MCL,77651,2946,271,"1,2-Dibromoethane (EDB)",EDB,"1,2-Dibromoethane (EDB)",,,"1,2-Dibromoethane, wu",,77651,"1,2-Dibromoethane, water, unfiltered, recoverable, micrograms per liter"
DCBZ12,"1,2 Dichlorobenzene (1,2-DCB)",,UG/L,600,MCL,34536,2968,578 -- 90683,"1,2-Dichlorobenzene",DCBZ12,"1,2-Dichlorobenzene ",,DCBZ12,"1,2-Dichlorobenzene, wu","1,2-Dichlorobenzene ",34536,
DCA12,"1,2 Dichloroethane (1,2 DCA)",,UG/L,0.5,MCL,34531,2980,,"1,2-Dichloroethane",DCA12,"1,2-Dichloroethane ",,DCA12,"1,2-Dichloroethane, wu","1,2-Dichloroethane ",34531,"1,2-Dichloroethane, water, unfiltered, recoverable, micrograms per liter"
DCPA12,"1,2 Dichloropropane (1,2 DCP)",,UG/L,5,MCL,34541,2983,2501,"1,2-Dichloropropane",DCPA12,"1,2-Dichloropropane ",,DCPA12,"1,2-Dichloropropane, wu","1,2-Dichloropropane ",34541,"1,2-Dichloropropane, water, unfiltered, recoverable, micrograms per liter"
TCPR123,"1,2,3-Trichloropropane (1,2,3 TCP)",,UG/L,0.005,MCL,77443 -- 7744X,2414 -- 2414,,"1,2,3-Trichloropropane",TCPR123,"1,2,3-Trichloropropane ",,,"1,2,3-Trichloropropane, wu","1,2,3-Trichloropropane ",77443 -- 7744X,"1,2,3-Trichloropropane, water, unfiltered, recoverable, micrograms per liter"
TCB124,"1,2,4- Trichlorobenzene (1,2,4 TCB)",,UG/L,5,MCL,34551,2378,,"1,2,4-Trichlorobenzene",TCB124,"1,2,4-Trichlorobenzene ",,TCB124,"1,2,4-Trichlorobenzene, wu","1,2,4-Trichlorobenzene ",34551,"1,2,4-Trichlorobenzene, bed sediment, recoverable, dry weight, micrograms per kilogram -- 1,2,4-Trichlorobenzene, water, unfiltered, recoverable, micrograms per liter"
TMB124,"1,2,4-Trimethylbenzene",,UG/L,330,NL,77222,2418,,"1,2,4-Trimethylbenzene",TMB124,"1,2,4-Trimethylbenzene ",,TMB124,,"1,2,4-Trimethylbenzene ",77222,"1,2,4-Trimethylbenzene, water, unfiltered, recoverable, micrograms per liter"
DBCP,"1,2-Dibromo-3-chloropropane (DBCP)",,UG/L,0.2,MCL,38761,2931,183,"1,2-Dibromo-3-chloropropane (DBCP)",DBCP,"1,2-Dibromo-3-Chloropropane ",,,"Dibromochloropropane, wu",,38761,"1,2-Dibromo-3-chloropropane, water, unfiltered, recoverable, micrograms per liter"
DCE12TOT,"1,2-Dichloroethene",,UG/L,0,No Comparison Conc.,,,,,DCE12TOT,,,,,,,
DCP13,"1,3 Dichloropropene",,UG/L,0.5,MCL,34561,2413,573,,DCP13,,,DCP13C -- DCP13T,"cis-1,3-Dichloropropene, wu -- trans-1,3-Dichloropropene, wu","Total, 1,3-Dichloropropene ",34561,"1,3-Dichloropropene, water, unfiltered, recoverable, micrograms per liter"
TMB135,"1,3,5-Trimethylbenzene",,UG/L,330,NL,77226,2424,,"1,3,5-Trimethylbenzene",TMB135,"1,3,5-Trimethylbenzene ",,TMB135,,"1,3,5-Trimethylbenzene ",77226,"1,3,5-Trimethylbenzene, water, unfiltered, recoverable, micrograms per liter"
DCBZ13,"1,3-Dichlorobenzene ",,UG/L,600,HAL-US,34566,2967,,"1,3-Dichlorobenzene",DCBZ13,"1,3-Dichlorobenzene ",,DCBZ13,"1,3-Dichlorobenzene, wu","1,3-Dichlorobenzene ",34566,
DCBZ14,"1,4-Dichlorobenzene (p-DCB)",,UG/L,5,MCL,34571,2969,,"1,4-Dichlorobenzene",DCBZ14,"1,4-Dichlorobenzene ",,DCBZ14," -- 1,4-Dichlorobenzene, wu","1,4-Dichlorobenzene ",34571,
DIOXANE14,"1,4-Dioxane",,UG/L,1,NL,A-032,2049,,,DIOXANE14,,,,"1,4-Dioxane, wu",,A-032,"1,4-Dioxane, water, unfiltered, recoverable, micrograms per liter"
17DIMETHYLX,"1,7-Dimethylxanthine  ",,UG/L,0,No Comparison Conc.,,,,,17DIMETHYLX,,,,"1,7-Dimethylxanthine, wf",,,
10:2FTS,10:2 Fluorotelomer sulfonic acid,,NG/L,0,No Comparison Conc.,,,,,10:2FTS,,,,,,WRD225,
11ClPF3OUDS,11-Chloroeicosafluoro-3-oxaundecane-1-sulfonic acid ,,NG/L,0,No Comparison Conc.,C2817,2813,,,11ClPF3OUDS,,,,,,C2817,
CLBZME2,2 Chlorotoluene,,UG/L,140,NL,A-008,2965,,2-Chlorotoluene,CLBZME2,2-Chlorotoluene ,,CLBZME2,"2-Chlorotoluene, wu",2-Chlorotoluene ,A-008,
HFPA-DA,"2,3,3,3-tetrafluoro-2-(1,1,2,2,3,3,3-heptafluoropropoxy) propanoic acid",,NG/L,0,No Comparison Conc.,C2815,2816,,,HFPA-DA -- HFPO-DA,,,,,,C2815,
TCDD2378,"2,3,7,8-TCDD",,UG/L,0.00003,MCL,34676,2063,,,TCDD2378,,,,,,34676,
SILVEX,"2,4,5-TP (Silvex)",,UG/L,50,MCL,39045,2110,,"2,4,5-TP (Silvex)",SILVEX,,,,,,39045,"Silvex, water, filtered, recoverable, micrograms per liter -- Silvex, water, unfiltered, recoverable, micrograms per liter"
TNT,"2,4,6-Trinitrotoluene (TNT)",,UG/L,1,NL,81360,C206,,,TNT,,,,,,81360,
24D,"2,4-Dichlorophenoxyacetic acid (2,4 D)",,UG/L,70,MCL,39730,2105,636,"2,4-D",24D,,,,"2,4-D, wf",,39730,"2,4-D, water, filtered, recoverable, micrograms per liter -- 2,4-D, water, unfiltered, recoverable, micrograms per liter"
7:3FTCA,"2H,2H,3H,3H-Perfluorodecanoicacid",,NG/L,0,No Comparison Conc.,,,,,7:3FTCA,,,,,,,
5:3FTCA,"2H,2H,3H,3H-Perfluorooctanoic Acid ",,NG/L,0,No Comparison Conc.,,,,,5:3FTCA,,,,,,,
CLBZME4,4 Chlorotoluene,,UG/L,140,NL,A-009,2966,,4-Chlorotoluene,CLBZME4,4-Chlorotoluene ,,CLBZME4,"4-Chlorotoluene, wu",4-Chlorotoluene ,A-009,
DDD44,"4,4'-DDD",,UG/L,0.1,CA-CPF,39310,2071,,"p,p'-DDD",DDD44,,,,,,39310,
DDE44,"4,4'-DDE",,UG/L,0.1,CA-CPF,39320,2069,,"p,p'-DDE",DDE44,,,,,,39320,
DDT44,"4,4'-DDT",,UG/L,0.1,CA-CPF,39300,2075,,"p,p'-DDT",DDT44,,,,,,39300,
3:3FTCA,"4,4,5,5,6,6,6-HeptafluorohexanoicAcid ",,NG/L,0,No Comparison Conc.,,,,,3:3FTCA,,,,,,,
ADONA,"4,8-Dioxa-3H-perfluorononanoic acid ",,NG/L,0,No Comparison Conc.,C2818,2815,,,ADONA,,,,,,C2818,"4,8-dioxa-3H-perfluorononanoate"
4:2FTS,"4:2 Fluorotelomer sulfonic acid (1H, 1H, 2H, 2H-Perfluorohexanesulfonic acid)",,NG/L,0,No Comparison Conc.,,2821,,,4:2FTS,,,,"4:2 FTS, wu",,WRD226,Fluorotelomer sulfonate 4:2
6:2FTS,"6:2 Fluorotelomer sulfonic acid (1H,1H,2H,2H-Perfluorooctanesulfonic acid)",,NG/L,0,No Comparison Conc.,,2820,,,6:2FTS,,,,"6:2 FTS, wu",,WRD227,"1-Octanesulfonic acid, 3,3,4,4,5,5,6,6,7,7,8,8,8-tridecafluoro-"
8:2FTS,"8:2 Fluorotelomer sulfonic acid (1H, 1H, 2H, 2H-Perfluorodecanesulfonic acid)",,NG/L,0,No Comparison Conc.,,2822,,,8:2FTS,,,,"8:2 FTS, wu",,WRD228,Fluorotelomer sulfonate 8:2
9ClPF3ONS,9-Chlorohexadecafluoro-3-oxanonane-1-sulfonic acid ,,NG/L,0,No Comparison Conc.,C2816,2814,,,9ClPF3ONS,,,,,,C2816,
ACETAMPHEN,Acetaminophen ,,UG/L,0,No Comparison Conc.,A-058,C058,,,ACETAMPHEN,,,,"Acetaminophen, wf",,A-058,
ACE,Acetone,,UG/L,6300,RfD,81552,2243,,,ACE,ACETONE,,ACE,"Acetone, wu",,81552,"Acetone, water, unfiltered, recoverable, micrograms per liter"
ALACL,Alachlor,,UG/L,2,MCL,77825,2051,678,Alachlor,ALACL,,,,"Alachlor, wf",,77825,"Alachlor, water, filtered, recoverable, micrograms per liter -- Alachlor, water, filtered, recoverable, nanograms per liter -- Alachlor, water, unfiltered, recoverable, micrograms per liter"
ALBUTEROL,Albuterol,,UG/L,0,No Comparison Conc.,,,,,ALBUTEROL,,,,"Albuterol, wf",,,
ALDICARB,Aldicarb,,UG/L,7,HBSL,39053,2047,575,Aldicarb,ALDICARB,,,,"Aldicarb, w,gf<.7u",,39053,"Aldicarb, water, filtered (0.7 micron glass fiber filter), recoverable, micrograms per liter"
ALDSULF,Aldicarb Sulfone,,UG/L,7,HBSL,A-020,2044,2265,Aldicarb sulfone,ALDSULF,,,,"Aldicarb sulfone, w,gf<.7",,A-020,"Aldicarb sulfone, water, filtered (0.7 micron glass fiber filter), recoverable, micrograms per liter"
ALDSULFOX,Aldicarb sulfoxide,,UG/L,7,HBSL,A-019,2043,2361,Aldicarb sulfoxide,ALDSULFOX,,,,"Aldicarb sulfoxide, w,gf.7",,A-019,"Aldicarb sulfoxide, water, filtered (0.7 micron glass fiber filter), recoverable, micrograms per liter"
ALKCACO3,Alkalinity as CaCO3,X,MG/L,0,No Comparison Conc.,410,1927,,Total Alkalinity,ALKCACO3,ALKALINITY (TOTAL) AS CACO3,,ALK,"Alkalinity,wf,fixedEP,lab","Alkalinity, Total",410,"Acid neutralizing capacity, water, unfiltered, Gran titration, field, milligrams per liter as calcium carbonate -- Acid neutralizing capacity, water, unfiltered, fixed endpoint (pH 4.5) titration, field, milligrams per liter as calcium carbonate -- Acid neutralizing capacity, water, unfiltered, fixed endpoint (pH 4.5) titration, laboratory, milligrams per liter as calcium carbonate -- Acid neutralizing capacity, water, unfiltered, inflection-point titration method (incremental titration method), field, milligrams per liter as calcium carbonate -- Acid neutralizing capacity, water, unfiltered, milligrams per liter as calcium carbonate -- Alkalinity, water, filtered, Gran titration, field, milligrams per liter as calcium carbonate -- Alkalinity, water, filtered, fixed endpoint (pH 4.5) titration, field, milligrams per liter as calcium carbonate -- Alkalinity, water, filtered, fixed endpoint (pH 4.5) titration, laboratory, milligrams per liter as calcium carbonate -- Alkalinity, water, filtered, inflection-point titration method (incremental titration method), field, milligrams per liter as calcium carbonate -- Alkalinity, water, filtered, inflection-point titration method (incremental titration method), laboratory, milligrams per liter as calcium carbonate"
ALK,"Alkalinity, total",X,MG/L,0,No Comparison Conc.,410,1927,,,ALK -- ALKCACO3,ALKALINITY (TOTAL) AS CACO3,,ALK,"Alkalinity,wf,fixedEP,lab","Alkalinity, Total",410,"Acid neutralizing capacity, water, unfiltered, Gran titration, field, milligrams per liter as calcium carbonate -- Acid neutralizing capacity, water, unfiltered, fixed endpoint (pH 4.5) titration, field, milligrams per liter as calcium carbonate -- Acid neutralizing capacity, water, unfiltered, fixed endpoint (pH 4.5) titration, laboratory, milligrams per liter as calcium carbonate -- Acid neutralizing capacity, water, unfiltered, inflection-point titration method (incremental titration method), field, milligrams per liter as calcium carbonate -- Acid neutralizing capacity, water, unfiltered, milligrams per liter as calcium carbonate -- Alkalinity, water, filtered, Gran titration, field, milligrams per liter as calcium carbonate -- Alkalinity, water, filtered, fixed endpoint (pH 4.5) titration, field, milligrams per liter as calcium carbonate -- Alkalinity, water, filtered, fixed endpoint (pH 4.5) titration, laboratory, milligrams per liter as calcium carbonate -- Alkalinity, water, filtered, inflection-point titration method (incremental titration method), field, milligrams per liter as calcium carbonate -- Alkalinity, water, filtered, inflection-point titration method (incremental titration method), laboratory, milligrams per liter as calcium carbonate"
BHCALPHA,Alpha-Benzene Hexachloride (Alpha-BHC),,UG/L,0.15,CA-Prop65,39337,2348,,BHC-alpha,BHCALPHA,,,,,,39337,
AL,Aluminum,X,UG/L,1000,MCL,01105 -- 01106,1002 -- C250,,Dissolved Aluminum -- Total Aluminum,AL,ALUMINUM,,AL,"Aluminum, wf","Aluminum, FAA -- Aluminum, GFAA",01105 -- 01106,"Aluminum, bed sediment, recoverable, dry weight, milligrams per kilogram -- Aluminum, suspended sediment, recoverable, micrograms per liter -- Aluminum, water, filtered, micrograms per liter -- Aluminum, water, unfiltered, recoverable, micrograms per liter"
NH3NH4N,Ammonia,,MG/L,30,HAL-US,612,1003,,,NH3-NH4 -- NH3NH4N,,AMMONIUM,,"Ammonia, wf",,612,"Ammonia (NH3 + NH4+), water, filtered, milligrams per liter as NH4 -- Ammonia (NH3 + NH4+), water, filtered, milligrams per liter as nitrogen -- Ammonia (NH3 + NH4+), water, unfiltered, milligrams per liter as NH4 -- Ammonia (NH3 + NH4+), water, unfiltered, milligrams per liter as nitrogen"
ACB,Anion/Cation Balance,X,Count,0,No Comparison Conc.,,,,,ACB,,,,,,,
SB,Antimony,X,UG/L,6,MCL,1097,1074,,Dissolved Antimony,SB,ANTIMONY,,SB,,"Antimony, GFAA",1097,"Antimony, bed sediment, total digestion, dry weight, milligrams per kilogram -- Antimony, water, filtered, micrograms per liter -- Antimony, water, unfiltered, micrograms per liter"
AR,Argon,X,cm3STP/g,0,No Comparison Conc.,,,,,AR -- AR,,,,,,,"Argon error, water, unfiltered, cubic centimeters per gram at standard temperature and pressure -- Argon, water, dissolved, cubic centimeters per gram at standard temperature and pressure -- Argon, water, dissolved, milligrams per liter -- Argon, water, dissolved, mole percent of dissolved gases"
AS,Arsenic,X,UG/L,10,MCL,1002,1005,,Dissolved Arsenic -- Total Arsenic,AS,ARSENIC,,AS,"Arsenic, wf","Arsenic, Hydride",1002,"Arsenic, bed sediment, total digestion, dry weight, milligrams per kilogram -- Arsenic, suspended sediment, total, micrograms per liter -- Arsenic, water, filtered, micrograms per liter -- Arsenic, water, unfiltered, micrograms per liter"
ASBESTOS,Asbestos,X,UG/L,7,MCL,81855,1094,,,ASBESTOS,ASBESTOS,,,,,81855,
ATRAZINE,Atrazine,,UG/L,1,MCL,39033,2050,45,Atrazine,ATRAZINE,,,,"Atrazine, wf",,39033,"Atrazine, water, filtered, recoverable, micrograms per liter -- Atrazine, water, filtered, recoverable, nanograms per liter -- Atrazine, water, unfiltered, recoverable, micrograms per liter"
AZIPE,Azinphos Ethyl,,UG/L,10,HBSL,81292,C200,,,AZIPE,,,,,,81292,
BA,Barium,X,MG/L,1,MCL,1007,1010,,Dissolved Barium,BA,BARIUM,,BA,"Barium, wf","Barium, FAA",1007,"Barium, bed sediment, recoverable, dry weight, milligrams per kilogram -- Barium, water, filtered, micrograms per liter -- Barium, water, unfiltered, recoverable, micrograms per liter"
BENSULM,Bensulfuron Methyl,,UG/L,1000,HBSL,,,,,BENSULM,,,,"Bensulfuron-methyl, wf",,,
BTZ,Bentazon,,UG/L,18,MCL,38710,2625,1944,,BTZ,,,ACRAMD,,,38710,"Bentazon, water, filtered (0.7 micron glass fiber filter), recoverable, micrograms per liter"
BZ,Benzene,,UG/L,1,MCL,34030,2990,,Benzene,BZ,BENZENE,,BZ,"Benzene, wu",BENZENE,34030,"Benzene, water, unfiltered, recoverable, micrograms per liter"
BZAP,Benzo(a)pyrene,,UG/L,0.2,MCL,34247,2306,,,BZAP,,,,,,34247,"Benzo[a]pyrene, bed sediment, recoverable, dry weight, micrograms per kilogram -- Benzo[a]pyrene, water, filtered, recoverable, micrograms per liter -- Benzo[a]pyrene, water, unfiltered, recoverable, micrograms per liter"
BE,Beryllium,X,UG/L,4,MCL,1012,1075,,Dissolved Beryllium,BE,BERYLLIUM,,BE,"Beryllium, wf","Beryllium, GFAA",1012,"Beryllium, bed sediment, recoverable, dry weight, milligrams per kilogram -- Beryllium, water, filtered, micrograms per liter -- Beryllium, water, unfiltered, recoverable, micrograms per liter"
BHCBETA,Beta-Benzene Hexachloride (Beta- BHC),,UG/L,0.25,CA-Prop65,39338,2350,,BHC-beta,BHCBETA,,,,,,39338,
ALKB,Bicarbonate Alkalinity,X,MG/L,0,No Comparison Conc.,440,1928,,,ALKB,BICARBONATE ALKALINITY,,ALKB,,"Alkalinity, Bicarbonate",440,
TALSTAR,Bifenthrin,,UG/L,70,HHBP,,,,,TALSTAR,,,,,,,"Bifenthrin, water, filtered, recoverable, micrograms per liter -- Bifenthrin, water, filtered, recoverable, nanograms per liter"
B,Boron,X,MG/L,1,NL,1020,1079,,Dissolved Boron,B,,,,"Boron, wf",,1020,"Boron, water, filtered, micrograms per liter -- Boron, water, unfiltered, recoverable, micrograms per liter"
BROMCIL,Bromacil,,UG/L,70,HAL-US,82198,2098,83,Bromacil,BROMCIL,,,,"Bromacil, wf",,82198,"Bromacil, water, filtered, recoverable, micrograms per liter -- Bromacil, water, unfiltered, recoverable, micrograms per liter"
BRO3,Bromate,,UG/L,10,MCL,A-027,1011,,,BRO3,,,,,,A-027,
BR,Bromide,X,MG/L,0,No Comparison Conc.,82298,1004,,,BR,,,,"Bromide, wf",,82298,"Bromide, water, filtered, micrograms per liter -- Bromide, water, filtered, milligrams per liter"
BRACETICA,Bromoacetic Acid,,UG/L,0,No Comparison Conc.,A-041,2453,,Monobromoacetic Acid (MBAA),BRACETICA,,,,,,A-041,
BDCME,Bromodichloromethane (THM),,UG/L,80,MCL,32101,2943,,Bromodichloromethane,BDCME,BROMODICHLOROMETHANE/ DICHLOROBROMOMETHANE,,BDCME,"Bromochloromethane, wu",BROMODICHLOROMETHANE/ DICHLOROBROMOMETHANE,32101,"Bromodichloromethane, water, filtered, recoverable, micrograms per liter -- Bromodichloromethane, water, unfiltered, recoverable, micrograms per liter"
TBME,Bromoform (THM),,UG/L,80,MCL,32104,2942,,Bromoform,TBME,BROMOFORM (THM),,TBME," -- Tribromomethane, wu",BROMOFORM (THM),32104,"Tribromomethane, water, filtered, recoverable, micrograms per liter -- Tribromomethane, water, unfiltered, recoverable, micrograms per liter"
CD,Cadmium,X,UG/L,5,MCL,1027,1015,,Dissolved Cadmium -- Total Cadmium,CD,CADMIUM,,CD,"Cadmium, wf","Cadmium, GFAA",1027,"Cadmium, bed sediment, recoverable, dry weight, milligrams per kilogram -- Cadmium, water, filtered, micrograms per liter -- Cadmium, water, unfiltered, micrograms per liter"
CA,Calcium,X,MG/L,0,No Comparison Conc.,916,1919,,,CA,CALCIUM,CALCIUM,CA,"Calcium, wf","Calcium, Titrimetric",916,"Calcium, bed sediment, dry weight, milligrams per kilogram -- Calcium, suspended sediment, milligrams per liter -- Calcium, water, filtered, milligrams per liter -- Calcium, water, unfiltered, recoverable, milligrams per liter"
CARBAMPINE,Carbamazepine ,,UG/L,0,No Comparison Conc.,A-061,C271,,,CARBAMPINE,,,,"Carbamazepine, wf",,A-061,
SEVIN,Carbaryl (1-naphthyl methylcarbamate),,UG/L,40,HBSL,77700,2021,,Carbaryl,SEVIN,,,,"Carbaryl, w,gf<.7u",,77700,"Carbaryl, water, filtered (0.7 micron glass fiber filter), recoverable, micrograms per liter -- Carbaryl, water, filtered, recoverable, nanograms per liter -- Carbaryl, water, unfiltered, recoverable, micrograms per liter"
CRBFN,Carbofuran,,UG/L,18,MCL,81405,2046,106,Carbofuran,CRBFN,,,,"Carbofuran, w,gf<.7u",,81405,"Carbofuran, water, filtered (0.7 micron glass fiber filter), recoverable, micrograms per liter -- Carbofuran, water, filtered, recoverable, nanograms per liter"
C-14,Carbon 14,X,PCT MODERN,0,No Comparison Conc.,,,,,C-14,,,,"C-14, wf",,,"Carbon-14 counting error, rock, percent modern -- Carbon-14 counting error, water, filtered, percent modern -- Carbon-14, percent modern -- Carbon-14, rock, percent modern -- Carbon-14, water, filtered, percent modern"
CDS,Carbon Disulfide,X,UG/L,160,NL,77041,1902,,,CDS,Carbon Disulfide,,CDS,"Carbon disulfide, wu",,77041,"Carbon disulfide, water, unfiltered, micrograms per liter"
CTCL,Carbon Tetrachloride,,UG/L,0.5,MCL,32102,2982,,Carbon tetrachloride,CTCL,Carbon Tetrachloride ,,CTCL,"Tetrachloromethane, wu",Carbon Tetrachloride ,32102,"Tetrachloromethane, water, unfiltered, recoverable, micrograms per liter"
CHLORATE,Chlorate,,UG/L,800,NL,A-037,1007,,,CHLORATE,,,,,,A-037,
CHLORDANE,Chlordane,,UG/L,0.1,MCL,39350,2959,130,Chlordane,CHLORDANE -- CHLORDANETOT,,,,,,39350,"Chlordane (technical), bed sediment, recoverable, dry weight, micrograms per kilogram -- Chlordane (technical), water, filtered, recoverable, micrograms per liter -- Chlordane (technical), water, unfiltered, recoverable, micrograms per liter"
CL,Chloride,X,MG/L,500,SMCL,940,1017,,Dissolved Chloride,CL,CHLORIDE,CHLORIDE,CL,"Chloride, wf",Chloride,940,"Chloride, water, filtered, milligrams per liter -- Chloride, water, unfiltered, milligrams per liter"
CHLORITE,Chlorite,,MG/L,1,MCL,50074,1009,,,CHLORITE,,,,,,50074,
CAA,Chloroacetic Acid,,UG/L,0,No Comparison Conc.,A-042,2450,,Monochloroacetic Acid (MCAA),CAA,,,,,,A-042,
CLBZ,Chlorobenzene,,UG/L,70,MCL,34301,2989,,Chlorobenzene,CLBZ,Chlorobenzene/ Monochlorobenzene,,CLBZ,"Chlorobenzene, wu",Chlorobenzene/ Monochlorobenzene,34301,"Chlorobenzene, water, unfiltered, recoverable, micrograms per liter"
TCLME,Chloroform (THM),,UG/L,80,MCL,32106,2941,,Chloroform,TCLME,CHLOROFORM (THM),,TCLME,"Trichloromethane, wu",CHLOROFORM (THM),32106,"Trichloromethane, water, filtered, recoverable, micrograms per liter -- Trichloromethane, water, unfiltered, recoverable, micrograms per liter"
CLPICRIN,Chloropicrin,,UG/L,12,NAS-HAL,77548,2465,,,CLPICRIN,,,,,,77548,
TERMIL,Chorothalonil,,UG/L,0,No Comparison Conc.,70314,2213,,Chlorothalonil,TERMIL,,,,,,70314,"Chlorothalonil, water, filtered (0.7 micron glass fiber filter), recoverable, micrograms per liter"
CR,Chromium,X,UG/L,50,MCL,1034,1020,,Total Chromium,CR,CHROMIUM (TOTAL),,CR,"Chromium, wf","Chromium, GFAA @ 1 ug/ L",1034,"Chromium, bed sediment, recoverable, dry weight, milligrams per kilogram -- Chromium, suspended sediment, recoverable, micrograms per liter -- Chromium, water, filtered, micrograms per liter -- Chromium, water, unfiltered, recoverable, micrograms per liter"
CR6,"Chromium, Hexavalent (Cr6)",X,UG/L,20,HBSL,1032,1080,,,CR6,,,,"Chromium(VI), wf",,1032,"Chromium(VI), water, filtered, micrograms per liter as Cr"
CO,Cobalt,X,UG/L,0,No Comparison Conc.,1035,1081,,,CO,,,,"Cobalt, wf",,1035,
CODEINE,Codeine ,,UG/L,0,No Comparison Conc.,,,,,CODEINE,,,,"Codeine, wf",,,
CU,Copper,X,MG/L,1.3,Action Level,1042,1022,,Dissolved Copper -- Total Copper,CU,COPPER,,CU,"Copper, wf","Copper, FAA",1042,"Copper, bed sediment, recoverable, dry weight, milligrams per kilogram -- Copper, suspended sediment, recoverable, micrograms per liter -- Copper, water, filtered, micrograms per liter -- Copper, water, unfiltered, recoverable, micrograms per liter"
COTININE,Cotinine ,,UG/L,0,No Comparison Conc.,,,,,COTININE,,,,"Cotinine, wf",,,
CYANAZ,Cyanazine,,UG/L,0.3,HBSL,81757,2054,,Cyanazine,CYANAZ,,,,"Cyanazine, wf",,81757,"Cyanazine, water, filtered, recoverable, micrograms per liter -- Cyanazine, water, filtered, recoverable, nanograms per liter -- Cyanazine, water, unfiltered, recoverable, micrograms per liter"
CN,Cyanide (CN),,UG/L,150,MCL,1291,1024,,,CN,Cyanide (Total),,CN,,,1291,"Cyanide, water, filtered, milligrams per liter -- Cyanide, water, unfiltered, milligrams per liter"
CYPERM,Cypermethrin,,UG/L,40,HBSL,,,2171,,CYPERM,,,,"Cypermethrin, wf",,,"Cypermethrin, water, filtered, recoverable, micrograms per liter"
DACTH,Dacthal,,UG/L,70,HBSL,39770,2099,,Dacthal (DCPA),DACTH,,,,"DCPA, w,gf<.7u",,39770,
METABOLITES,Dacthal Monoacide,,UG/L,0,No Comparison Conc.,,,,,METABOLITES,,,,"DCPA monoacid, w,gf<.7u",,,
DACTACID,Dacthalmonoacid,,UG/L,0,No Comparison Conc.,,,,,DACTACID,,,,"DCPA monoacid, w,gf<.7u",,,
DALAPON,Dalapon,,UG/L,200,MCL,38432,2031,,,DALAPON,,,,,,38432,
DEATZ,Deethylatrazine,,UG/L,50,CA-Prop65,,,,,DEATZ,,,,,,,
DEHYDRONIF,Dehydronifedipine ,,UG/L,0,No Comparison Conc.,,,,,DEHYDRONIF,,,,"Dehydronifedipine, wf",,,
DIPATZ,Deisopropyl Atrazine,,UG/L,0,No Comparison Conc.,,,,,DIPATZ,,,,,,,
DEUTERIUM,Deuterium,X,UG/L,0,No Comparison Conc.,,,,,DEUTERIUM,,,,,,,
DOA,Di(2-ethylhexyl)adipate,,MG/L,0.4,MCL,A-026,2035,,,DOA,,,,,,A-026,
BIS2EHP,Di(2-ethylhexyl)phthalate (DEHP),,UG/L,4,MCL,39100,2039,,,BIS2EHP,,,,,,39100,"Bis(2-ethylhexyl) phthalate, bed sediment, recoverable, dry weight, micrograms per kilogram -- Bis(2-ethylhexyl) phthalate, water, unfiltered, recoverable, micrograms per liter"
DIAZ,Diazinon,,UG/L,1.2,NL,39570,2056,,Diazinon,DIAZ,,,,"Diazinon, wf",,39570,"Diazinon, bed sediment, recoverable, dry weight, micrograms per kilogram -- Diazinon, water, filtered, recoverable, micrograms per liter -- Diazinon, water, filtered, recoverable, nanograms per liter -- Diazinon, water, unfiltered, recoverable, micrograms per liter"
DBRACETICA,Dibromoacetic acid,,UG/L,0,No Comparison Conc.,82721,2454,,,DBRACETICA -- ACETICACID,,,,,,82721,
DBCME,Dibromochloromethane (THM),,UG/L,80,MCL,32105,2944,,Dibromochloromethane,DBCME,Dibromochloromethane ,,DBCME,"Dibromochloromethane, wu",Dibromochloromethane ,32105,"Dibromochloromethane, water, filtered, recoverable, micrograms per liter -- Dibromochloromethane, water, unfiltered, recoverable, micrograms per liter"
DICAMBA,Dicamba,,UG/L,210,RfD,82052,2440,,Dicamba,DICAMBA,,,,"Dicamba, w,gf<.7u",,82052,"Dicamba, water, filtered (0.7 micron glass fiber filter), recoverable, micrograms per liter -- Dicamba, water, unfiltered, recoverable, micrograms per liter"
DCAA,Dichloroacetic Acid,,UG/L,0,No Comparison Conc.,77288,2451,,,DCAA,,,,,,77288,
FC12,Dichlorodifluoromethane,,MG/L,1,NL,34668,2212,,Dichlorodifluoromethane,FC12,Dichlorodifluoromethane,,FC12,"CFC-12, wu",Dichlorodifluoromethane,34668,
DCMA,Dichloromethane (Methylene Chloride),,UG/L,5,MCL,34423,2964,,Methylene chloride,DCMA,DICHLOROMETHANE,,MTLNCL,"Dichloromethane, wu",DICHLOROMETHANE/ Methylene Chloride,34423,"Dichloromethane, water, unfiltered, recoverable, micrograms per liter"
DCPROP,Dichlorprop,,UG/L,300,HBSL,82356,2206,,Dichlorprop,DCPROP,,,,"Dichlorprop, w,gf<.7u",,82356,"Dichlorprop, water, filtered (0.7 micron glass fiber filter), recoverable, micrograms per liter -- Dichlorprop, water, unfiltered, recoverable, micrograms per liter"
DICHLORVOS,Dichlorvos (DDVP),,UG/L,0.4,HBSL,,,187,,DICHLORVOS,,,,"Dichlorvos, wf",,,"Dichlorvos, water, filtered, recoverable, micrograms per liter -- Dichlorvos, water, unfiltered, recoverable, micrograms per liter"
DICOFOL,Dicofol,,UG/L,0,No Comparison Conc.,39780,2370,,Dicofol,DICOFOL,,,,,,39780,
DIELDRIN,Dieldrin,,UG/L,0.002,HBSL,39380,2070,,,DIELDRIN,,,,"Dieldrin, wf",,39380,"Dieldrin, bed sediment, recoverable, dry weight, micrograms per kilogram -- Dieldrin, water, filtered, recoverable, micrograms per liter -- Dieldrin, water, unfiltered, recoverable, micrograms per liter"
DIESEL,Diesel,,UG/L,100,HAL-US,,,,,DIESEL,,,,,,,
DILTIAZEM,Diltiazem,,UG/L,0,No Comparison Conc.,,,,,DILTIAZEM,,,,"Diltiazem, wf",,,
DIMETHAT,Dimethoate,,UG/L,2,HBSL,38458,2221,216,Dimethoate,DIMETHAT,,,,"Dimethoate, w,gf<.7u",,38458,"Dimethoate, water, filtered (0.7 micron glass fiber filter), recoverable, micrograms per liter -- Dimethoate, water, filtered, recoverable, nanograms per liter"
DINOSEB,Dinoseb,,UG/L,7,MCL,81287,2041,,Dinoseb (DNPB),DINOSEB,,,,"Dinoseb, w,gf<.7u",,81287,"Dinoseb, water, filtered (0.7 micron glass fiber filter), recoverable, micrograms per liter"
DIPHENHYDR,Diphenhydramine ,,UG/L,0,No Comparison Conc.,,,,,DIPHENHYDR,,,,"Diphenhydramine, wf",,,
DIQUAT,Diquat,,UG/L,20,MCL,78885,2032,,,DIQUAT,,,,,,78885,
DO,Dissolved Oxygen (DO),X,MG/L,0,No Comparison Conc.,,,,,DO,,,,Dissolved oxygen,,,
DOSAT,"Dissolved Oxygen, Percent Saturation  ",X,PERCENT,0,No Comparison Conc.,,,,,DOSAT,,,,,,,
DIURON,Diuron,,UG/L,2,HBSL,39650,2103,231,Diuron,DIURON,,,,"Diuron, w,gf<.7u",,39650,"Diuron, water, filtered (0.7 micron glass fiber filter), recoverable, micrograms per liter -- Diuron, water, filtered, recoverable, nanograms per liter"
EPTAM,EPTC,,UG/L,200,HBSL,81894,2052,264,,EPTAM,,,,"EPTC, w,gf<.7u",,81894,
ENDOSULFANA,Endosulfan I,,UG/L,42,RfD,34361,2068,,Endosulfan-I,ENDOSULFANA,,,,,,34361,"alpha-Endosulfan, bed sediment, recoverable, dry weight, micrograms per kilogram -- alpha-Endosulfan, water, filtered, recoverable, micrograms per liter -- alpha-Endosulfan, water, unfiltered, recoverable, micrograms per liter"
ENDOSULFANB,Endosulfan II,,UG/L,42,RfD,34356,2072,,Endosulfan-II,ENDOSULFANB,,,,,,34356,"beta-Endosulfan, water, filtered, recoverable, micrograms per liter"
ENDOSULFANS,Endosulfan Sulfate,,UG/L,42,RfD,34351,2074,,Endosulfan sulfate,ENDOSULFANS,,,,"Endosulfan sulfate, wf",,34351,"Endosulfan sulfate, water, filtered, recoverable, micrograms per liter"
ENDOTHAL,Endothall,,UG/L,100,MCL,38926,2033,260,,ENDOTHAL,,,,,,38926,
ENDRIN,Endrin,,UG/L,2,MCL,39390,2005,,Endrin,ENDRIN,,,,,,39390,"Endrin, bed sediment, recoverable, dry weight, micrograms per kilogram -- Endrin, water, filtered, recoverable, micrograms per liter -- Endrin, water, unfiltered, recoverable, micrograms per liter"
ENDRINALD,Endrin Aldehyde,,UG/L,0,No Comparison Conc.,34366,2372,,Endrin aldehyde,ENDRINALD,,,,,,34366,
ETBE,Ethyl tertiary butyl ether (ETBE),,UG/L,0,No Comparison Conc.,A-033,C033,,,ETBE,Ethyl tert-Butyl Ether (ETBE),,,,Ethyl tert-Butyl Ether (ETBE),A-033,"tert-Butyl ethyl ether, water, unfiltered, recoverable, micrograms per liter"
EBZ,Ethylbenzene,,UG/L,300,MCL,34371,2992,,Ethyl benzene,EBZ,Ethylbenzene,,EBZ,"Ethylbenzene, wu",Ethylbenzene,34371,"Ethylbenzene, water, unfiltered, recoverable, micrograms per liter"
ETEGLY,Ethylene glycol,,MG/L,14,NL,77023,2960,,,ETEGLY,,,,,,77023,
FCOLIFORM,Fecal Coliform (bacteria),,Count,0.99,MCL,,,,,FCOLIFORM,FECAL COLIFORM,,FCOLIFORM,,Fecal Coliform,,"Fecal coliforms, M-FC MF (0.45 micron) method, water, colony forming units per 100 milliliters"
FENPHOS,Fenamiphos,,UG/L,0.7,HBSL,38929,7585,1857,,FENPHOS,,,,"Fenamiphos, wf",,38929,"Fenamiphos, water, filtered, recoverable, micrograms per liter"
FIPRONIL,Fipronil,,UG/L,1,HHBP,,,3995,,FIPRONIL,,,,"Fipronil, wf",,,"Fipronil, water, filtered, recoverable, micrograms per liter -- Fipronil, water, filtered, recoverable, nanograms per liter"
F,Fluoride,X,MG/L,2,MCL,951,1025,,Dissolved Fluoride,F,FLUORIDE (TEMPERATURE DEPENDENT),FLUORIDE,F,"Fluoride, wf",Fluoride,951,"Fluoride, water, filtered, milligrams per liter -- Fluoride, water, unfiltered, milligrams per liter"
FOAMAGENTS,Foaming Agents (MBAS),,MG/L,0.5,SMCL,38260,2905,,,FOAMAGENTS -- SURFACT,FOAMING AGENTS (MBAS),,MBAS,,Foaming Agents (MBAS),38260,"Methylene blue active substances, water, unfiltered, recoverable, milligrams per liter"
FONOFOS,Fonofos,,UG/L,10,HBSL,81294,2570,254,,FONOFOS,,,,"Fonofos, wf",,81294,"Fonofos, water, filtered, recoverable, micrograms per liter -- Fonofos, water, filtered, recoverable, nanograms per liter -- Fonofos, water, unfiltered, recoverable, micrograms per liter"
FORMALD,Formaldehyde,,UG/L,100,NL,71880,2961,,,FORMALD,,,,,,71880,
GASOLINE,Gasoline,,UG/L,5,HAL-US,,,,,GASOLINE,,,,,,,
GLYP,Glyphosate (Round-up),,UG/L,700,MCL,39941 -- 79743,2034 -- 2034,1855,Glyphosate,GLYP,,,,,,39941 -- 79743,"Glyphosate, water, filtered (0.7 micron glass fiber filter), recoverable, micrograms per liter"
ALPHA,Gross Alpha radioactivity,X,pCi/L,15,MCL,1501,4109,,,ALPHA,GROSS ALPHA,,MBAS,"Alpha activity, 30d,wf,Th230",,1501,"Alpha radioactivity 2-sigma combined uncertainty, water, filtered, Th-230 curve, picocuries per liter -- Alpha radioactivity counting error, water, unfiltered, picocuries per liter -- Alpha radioactivity, water, filtered, Th-230 curve, picocuries per liter -- Alpha radioactivity, water, unfiltered, picocuries per liter -- Gross alpha radioactivity, 30 day count, water, filtered, Th-230 curve, picocuries per liter -- Gross alpha radioactivity, 30 day recount, water, unfiltered, Th-230 curve, picocuries per liter -- Gross alpha radioactivity, 72 hour count, water, filtered, Th-230 curve, picocuries per liter -- Gross alpha radioactivity, 72 hour count, water, unfiltered, Th-230 curve, picocuries per liter -- Gross alpha radioactivity, water, filtered, natural uranium curve, micrograms per liter -- Gross alpha radioactivity, water, filtered, natural uranium curve, picocuries per liter -- Gross alpha radioactivity, water, unfiltered, Th-230 curve, picocuries per liter -- Gross alpha radioactivity, water, unfiltered, picocuries per liter"
BETA,Gross beta,X,pCi/L,50,MCL,3501,4100,,,BETA,,,,"Beta activity, 72hr/ Cs137,wf",,3501,
AZIPM,Guthion (Azinphos Methyl),,UG/L,10,HBSL,39580,2059,314,Azinphos methyl (Guthion),AZIPM,,,,"Azinphos-methyl, w,gf<.7u",,39580,"Azinphos-methyl, water, filtered (0.7 micron glass fiber filter), recoverable, micrograms per liter -- Azinphos-methyl, water, filtered, recoverable, nanograms per liter -- Azinphos-methyl, water, unfiltered, recoverable, micrograms per liter"
HARD,Hardness,X,MG/L,0,No Comparison Conc.,900,1915,,Hardness,HARD,HARDNESS (TOTAL) AS CACO3,,HARD,"Hardness, water",Hardness,900,"Carbonate hardness, water, unfiltered, milligrams per liter as calcium carbonate"
HE-4,Helium,X,cm3STP/g,0,No Comparison Conc.,,,,,HE-4,,,,,,,
HE-3/HE-4,Helium-3/Helium-4,X,atom ratio,0,No Comparison Conc.,,,,,HE-3/ HE-4,,,,,,,
HEPTACHLOR,Heptachlor,,UG/L,0.01,MCL,39410,2065,317,Heptachlor,HEPTACHLOR,Hexachlorobutadiene,,,,,39410,"Heptachlor, bed sediment, recoverable, dry weight, micrograms per kilogram -- Heptachlor, suspended sediment, recoverable, micrograms per liter -- Heptachlor, water, filtered, recoverable, micrograms per liter -- Heptachlor, water, unfiltered, recoverable, micrograms per liter"
HEPT-EPOX,Heptachlor Epoxide,,UG/L,0.01,MCL,39420,2067,4073,Heptachlor epoxide,HEPT-EPOX,,,,,,39420,"Heptachlor epoxide, bed sediment, recoverable, dry weight, micrograms per kilogram -- Heptachlor epoxide, water, filtered, recoverable, micrograms per liter -- Heptachlor epoxide, water, unfiltered, recoverable, micrograms per liter"
HCLBZ,Hexachlorobenzene (HCB),,UG/L,1,MCL,39700,2274,,,HCLBZ,,,,,,39700,"Hexachlorobenzene, bed sediment, recoverable, dry weight, micrograms per kilogram -- Hexachlorobenzene, water, unfiltered, recoverable, micrograms per liter"
HCBU,Hexachlorobutadiene,,UG/L,0.9,HBSL,34391,2246,,Hexachlorobutadiene,HCBU,,,,"Hexachlorobutadiene, wu",,34391,"Hexachlorobutadiene, bed sediment, recoverable, dry weight, micrograms per kilogram -- Hexachlorobutadiene, water, unfiltered, recoverable, micrograms per liter"
HCCP,Hexachlorocyclopentadiene,,UG/L,50,MCL,34386,2042,,,HCCP,,,,,,34386,"Hexachlorocyclopentadiene, bed sediment, recoverable, dry weight, micrograms per kilogram -- Hexachlorocyclopentadiene, water, unfiltered, recoverable, micrograms per liter"
HEXAZINONE,Hexazinone,,UG/L,400,HBSL,38815,7705,1871,,HEXAZINONE,,,,"Hexazinone, wf",,38815,"Hexazinone, water, filtered, recoverable, micrograms per liter -- Hexazinone, water, filtered, recoverable, nanograms per liter"
IMIDPRID,Imidacloprid,,UG/L,360,HHBP,,,3849,,IMIDPRID,,,,"Imidacloprid, wf",,,"Imidacloprid, water, filtered, recoverable, micrograms per liter"
I,Iodide,X,UG/L,1190,NAS-HAL,71865,C166,,,I,,,,"Iodide, wf",,71865,"Iodide, water, filtered, milligrams per liter"
IPRODIONE,Iprodione,,UG/L,0.8,HBSL,,,,,IPRODIONE,,,,"Iprodione, wf",,,"Iprodione, water, filtered, recoverable, micrograms per liter"
FE,Iron,X,UG/L,300,SMCL,01045 -- 01046,1028 -- 1082,,Dissolved Iron,FE,IRON,,FE,"Iron, wf","Iron, FAA",01045 -- 01046,"Iron, bed sediment, total digestion, dry weight, milligrams per kilogram -- Iron, suspended sediment, recoverable, micrograms per liter -- Iron, water, filtered, micrograms per liter -- Iron, water, unfiltered, micrograms per liter -- Iron, water, unfiltered, recoverable, micrograms per liter"
IPBZ,Isopropylbenzene ( Cumene),,UG/L,770,NL,77356,2994,,Isopropylbenzene,IPBZ,Isopropylbenzene (Cumene),,IPBZ," -- Isopropylbenzene, wu",Isopropylbenzene (Cumene),77356,"Isopropylbenzene, water, filtered, recoverable, micrograms per liter -- Isopropylbenzene, water, unfiltered, recoverable, micrograms per liter"
KEROSENE,Kerosene,,UG/L,100,HAL-US,78878,2374,,,KEROSENE,,,,,,78878,
KR,Krypton,X,cm3STP/g,0,No Comparison Conc.,,,,,KR,,,,,,,"Krypton error, water, unfiltered, cubic centimeters per gram at standard temperature and pressure -- Krypton, water, dissolved, cubic centimeters per gram at standard temperature and pressure"
PB,Lead,X,UG/L,15,Action Level,1051,1030,,Dissolved Lead -- Total Lead,PB,LEAD,,PB,"Lead, wf","Lead, GFAA",1051,"Lead, bed sediment, dry weight, milligrams per kilogram -- Lead, bed sediment, recoverable, dry weight, milligrams per kilogram -- Lead, suspended sediment, recoverable, micrograms per liter -- Lead, water, filtered, micrograms per liter -- Lead, water, unfiltered, recoverable, micrograms per liter"
BHCGAMMA,Lindane (Gamma-BHC) ,,UG/L,0.2,MCL,39340,2010,359,BHC-gamma (Lindane),BHCGAMMA,,,,,,39340,"Lindane, bed sediment, recoverable, dry weight, micrograms per kilogram -- Lindane, water, filtered, recoverable, micrograms per liter -- Lindane, water, unfiltered, recoverable, micrograms per liter"
LINURON,Linuron,,UG/L,5,HBSL,38478,2283,361,,LINURON,,,,"Linuron, w,gf<.7u",,38478,"Linuron, water, filtered (0.7 micron glass fiber filter), recoverable, micrograms per liter"
LI,Lithium,X,UG/L,0,No Comparison Conc.,1132,1083,,,LI,,,,"Lithium, wf",,1132,"Lithium, bed sediment, dry weight, milligrams per kilogram -- Lithium, suspended sediment, recoverable, micrograms per liter -- Lithium, water, filtered, micrograms per liter -- Lithium, water, unfiltered, recoverable, micrograms per liter"
MTBE,MTBE (Methyl-tert-butyl ether),,UG/L,13,MCL,46491,2251,,Methyl tert-butyl ether (MTBE),MTBE,METHYL-TERT-BUTYL-ETHER (MTBE),,MTBE,"MTBE, wu",METHYL-TERT-BUTYL-ETHER (MTBE),46491,"Methyl tert-butyl ether, water, unfiltered, recoverable, micrograms per liter"
MG,Magnesium,X,MG/L,0,No Comparison Conc.,927,1031,,Dissolved Magnesium -- Total Magnesium,MG,MAGNESIUM,MAGNESIUM,MG,"Magnesium, wf","Magnesium, Calculation",927,"Magnesium, bed sediment, dry weight, milligrams per kilogram -- Magnesium, water, filtered, milligrams per liter -- Magnesium, water, unfiltered, recoverable, milligrams per liter"
MALA,Malathion,,UG/L,500,HBSL,39530,2058,367,Malathion,MALA,,,,"Malathion, wf",,39530,"Malathion, bed sediment, recoverable, dry weight, micrograms per kilogram -- Malathion, water, filtered, recoverable, micrograms per liter -- Malathion, water, filtered, recoverable, nanograms per liter -- Malathion, water, unfiltered, recoverable, micrograms per liter"
MN,Manganese,X,UG/L,50,SMCL,01055 -- 01056,1032 -- 1034,,Dissolved Manganese -- Total Manganese,MN,MANGANESE,,MN,"Manganese, wf","Manganese, FAA",01055 -- 01056,"Manganese, bed sediment, dry weight, milligrams per kilogram -- Manganese, suspended sediment, recoverable, micrograms per liter -- Manganese, water, filtered, micrograms per liter -- Manganese, water, unfiltered, micrograms per liter -- Manganese, water, unfiltered, recoverable, micrograms per liter"
HG,Mercury,X,UG/L,2,MCL,71900,1035,,Dissolved Mercury -- Total Mercury,HG,MERCURY,,HG,"Mercury, wf","Mercury, CVAA",71900,"Mercury, bed sediment, dry weight, milligrams per kilogram -- Mercury, bed sediment, recoverable, dry weight, milligrams per kilogram -- Mercury, solids, total, dry weight, micrograms per kilogram -- Mercury, suspended sediment, recoverable, micrograms per liter -- Mercury, water, filtered, micrograms per liter -- Mercury, water, unfiltered, nanograms per liter -- Mercury, water, unfiltered, recoverable, micrograms per liter"
HGE,Mercury (elemental),X,UG/L,0,No Comparison Conc.,,,,,HGE,,,,,,,
METALAXYL,Metalaxyl,,UG/L,500,HBSL,,,2132,,METALAXYL,,,,"Metalaxyl, wf",,,"Metalaxyl, water, filtered, recoverable, micrograms per liter -- Metalaxyl, water, unfiltered, recoverable, micrograms per liter"
CH4,"Methane, dissolved  ",X,MG/L,0,No Comparison Conc.,,,,,CH4,,,,,,,"Methane, water, dissolved, cubic centimeters per gram at standard temperature and pressure -- Methane, water, dissolved, recoverable, micrograms per liter -- Methane, water, dissolved, recoverable, milligrams per liter -- Methane, water, dissolved, recoverable, mole percent of dissolved gases"
METHOMYL,Methomyl,,UG/L,200,HBSL,39051,2022,383,Methomyl,METHOMYL,,,,"Methomyl, w,gf<.7u",,39051,"Methomyl, water, filtered (0.7 micron glass fiber filter), recoverable, micrograms per liter -- Methomyl, water, unfiltered, recoverable, micrograms per liter"
MTXYCL,Methoxychlor,,UG/L,30,MCL,39480,2015,384,Methoxychlor,MTXYCL,,,,,,39480,"p,p'-Methoxychlor, bed sediment, recoverable, dry weight, micrograms per kilogram -- p,p'-Methoxychlor, water, filtered, recoverable, micrograms per liter -- p,p'-Methoxychlor, water, unfiltered, recoverable, micrograms per liter"
BRME,Methyl Bromide (Bromomethane),,UG/L,10,HAL-US,34413,2214,,Bromomethane,BRME,BROMOMETHANE/ Methyl Bromide,,BRME,"Bromomethane, wu",BROMOMETHANE/ Methyl Bromide,34413,"Bromomethane, water, unfiltered, recoverable, micrograms per liter"
IME,Methyl Iodide,,UG/L,0,No Comparison Conc.,,,,,IME,Methyl Iodide,,,"Iodomethane, wu",,,"Iodomethane, water, unfiltered, recoverable, micrograms per liter"
MIBK,Methyl Isobutyl Ketone (MIBK),,UG/L,120,NL,81596,2277,,,MIBK,,,MIBK,,,81596,"Isobutyl methyl ketone, water, unfiltered, recoverable, micrograms per liter"
METOCHLOR,Metolachlor,,UG/L,700,HBSL,39356,2045,1996,Metolachlor,METOCHLOR,,,,"Metolachlor, wf",,39356,"Metolachlor, water, filtered, recoverable, micrograms per liter -- Metolachlor, water, filtered, recoverable, nanograms per liter -- Metolachlor, water, unfiltered, recoverable, micrograms per liter"
METRIBUZ,Metribuzin,,UG/L,90,HBSL,81408,2595,1692,,METRIBUZ,,,,"Metribuzin, wf",,81408,"Metribuzin, water, filtered, recoverable, micrograms per liter -- Metribuzin, water, unfiltered, recoverable, micrograms per liter"
MOLINATE,Molinate,,UG/L,20,MCL,82199,2626,449,,MOLINATE,,,,"Molinate, w,gf<.7u",,82199,"Molinate, water, filtered (0.7 micron glass fiber filter), recoverable, micrograms per liter -- Molinate, water, filtered, recoverable, nanograms per liter"
MO,Molybdenum,X,UG/L,40,HAL-US,1062,1084,,,MO,,,,"Molybdenum, wf",,1062,"Molybdenum, bed sediment, dry weight, milligrams per kilogram -- Molybdenum, suspended sediment, recoverable, micrograms per liter -- Molybdenum, water, filtered, micrograms per liter -- Molybdenum, water, unfiltered, recoverable, micrograms per liter"
NETFOSAA,N-Ethyl perfluorooctane sulfonamidoacetic acid,,NG/L,0,No Comparison Conc.,C2807,2817,,,NETFOSAA,,,,"N-EtFOSAA, wu",,C2807,
ETFOSA,N-Ethylperfluorooctanesulfonamide,,NG/L,0,No Comparison Conc.,,,,,ETFOSA,,,,,,,
ETFOSE,N-Ethylperfluorooctanesulfonamide ethanol,,NG/L,0,No Comparison Conc.,,,,,ETFOSE,,,,,,,
NMEFOSAA,N-Methyl perfluorooctane sulfonamidoacetic acid,,NG/L,0,No Comparison Conc.,C2808,2818,,,NMEFOSAA,,,,"N-MeFOSAA, wu",,C2808,
MEFOSA,N-Methylperfluorooctanesulfonamide,,NG/L,0,No Comparison Conc.,,,,,MEFOSA,,,,,,,
MEFOSE,N-Methylperfluorooctanesulfonamide ethanol,,NG/L,0,No Comparison Conc.,,,,,MEFOSE,,,,,,,
NNSPR,N-Nitrosodi-N-Propylamine (NDPA),,UG/L,0.01,NL,34428,2316,,,NNSPR,,,,,,34428,"N-Nitrosodi-n-propylamine, bed sediment, recoverable, dry weight, micrograms per kilogram -- N-Nitrosodi-n-propylamine, water, unfiltered, recoverable, micrograms per liter"
NNSE,N-Nitrosodiethylamine (NDEA),,UG/L,0.01,NL,78200,C183,,,NNSE,,,,,,78200,
NNSM,N-Nitrosodimethylamine (NDMA),,UG/L,0.01,NL,34438,2314,,,NNSM,,,,"N-Nitrosodimethylamine, wu",,34438,"N-Nitrosodimethylamine (NDMA), bed sediment, recoverable, dry weight, micrograms per kilogram -- N-Nitrosodimethylamine (NDMA), water, unfiltered, recoverable, micrograms per liter -- N-Nitrosodimethylamine (NDMA), water, unfiltered, recoverable, nanograms per liter"
NALED,Naled,,UG/L,10,HBSL,38855,C128,418,Naled,NALED,,,,,,38855,
NAPH,Naphthalene,,UG/L,17,NL,34696,2248,,Naphthalene,NAPH,Naphthalene,,NAPH," -- Naphthalene, wu",,34696,"Naphthalene, bed sediment, recoverable, dry weight, micrograms per kilogram -- Naphthalene, water, filtered, recoverable, micrograms per liter -- Naphthalene, water, unfiltered, recoverable, micrograms per liter"
NAPROPAM,Napropamide,,UG/L,800,HBSL,79195,6440,1728,Napropamide,NAPROPAM,,,,,,79195,"Napropamide, water, filtered (0.7 micron glass fiber filter), recoverable, micrograms per liter"
NE,Neon,X,cm3STP/g,0,No Comparison Conc.,,,,,NE,,,,,,,"Neon error, water, unfiltered, cubic centimeters per gram at standard temperature and pressure -- Neon, water, dissolved, nanomoles per kilogram -- Neon, water, unfiltered, cubic centimeters per gram at standard temperature and pressure"
NI,Nickel,X,UG/L,100,MCL,1067,1036,,Total Nickel,NI,NICKEL,,NI,"Nickel, wf","Nickel, GFAA",1067,"Nickel, bed sediment, dry weight, milligrams per kilogram -- Nickel, suspended sediment, recoverable, micrograms per liter -- Nickel, water, filtered, micrograms per liter -- Nickel, water, unfiltered, recoverable, micrograms per liter"
NO3N,Nitrate as N,X,MG/L,10,MCL,00618 -- 71850,1040 -- C255,,Dissolved Nitrate,NO3N -- NO3,NITRATE + NITRITE (AS N),NITRATE,NO3,"Nitrate, wf","Nitrogen, Nitrite-N",00618 -- 71850,"Nitrate, water, filtered, milligrams per liter as nitrate -- Nitrate, water, filtered, milligrams per liter as nitrogen -- Nitrate, water, unfiltered, milligrams per liter as nitrate -- Nitrate, water, unfiltered, milligrams per liter as nitrogen"
NO3NO2N,Nitrate+Nitrite,X,MG/L,10,MCL,,,,,NO3NO2N,NITRATE + NITRITE (AS N),,NO3NO2N,"NO3+NO2, wf",Nitrate-N plus Nitrite-N,,
NO2,Nitrite as N,X,MG/L,1,MCL,620,1041,,,NO2 -- NO2N,,NITRITE,NO2N,"Nitrite, wf","Nitrogen, Nitrite-N",620,"Nitrite, water, filtered, milligrams per liter as nitrite -- Nitrite, water, filtered, milligrams per liter as nitrogen -- Nitrite, water, unfiltered, milligrams per liter as nitrite -- Nitrite, water, unfiltered, milligrams per liter as nitrogen"
NFDHA,"Nonafluoro-3,6-dioxaheptanoic acid (NFDHA)",,NG/L,0,No Comparison Conc.,,2827,,,NFDHA,,,,,,,
NORFLUZON,Norflurazon,,UG/L,10,HBSL,,,2019,,NORFLUZON,,,,"Norflurazon, w,gf<.7u",,,"Norflurazon, water, filtered (0.7 micron glass fiber filter), recoverable, micrograms per liter -- Norflurazon, water, filtered, recoverable, nanograms per liter"
HMX,Octogen (HMX),,MG/L,0.35,NL,82203,C218,,,HMX,,,,,,82203,
OXAMYL,Oxamyl,,UG/L,50,MCL,38865,2036,1910,Oxamyl,OXAMYL,,,,"Oxamyl, w,gf<.7u",,38865,"Oxamyl, water, filtered (0.7 micron glass fiber filter), recoverable, micrograms per liter"
OXYFLUOREN,Oxyfluorfen,,UG/L,20,HBSL,,,1973,Oxyfluorfen,OXYFLUOREN,,,,"Oxyfluorfen, wf",,,"Oxyfluorfen, water, filtered, recoverable, micrograms per liter -- Oxyfluorfen, water, filtered, recoverable, nanograms per liter"
PCNB,PCNB,,UG/L,21,RfD,39029,2934,,Pentachloronitrobenzene (PCNB),PCNB -- PECLNO2BZ,,,,,,39029,
PARAE,Parathion,,UG/L,0.02,HBSL,39540,2064,459,Parathion (Ethyl),PARAE,,,,,,39540,"Parathion, bed sediment, recoverable, dry weight, micrograms per kilogram -- Parathion, water, filtered, recoverable, micrograms per liter -- Parathion, water, unfiltered, recoverable, micrograms per liter"
PCP,Pentachlorophenol (PCP),,UG/L,1,MCL,39032,2326,,Pentachlorophenol (PCP),PCP,,,,,,39032,"Pentachlorophenol, bed sediment, recoverable, dry weight, micrograms per kilogram -- Pentachlorophenol, water, filtered, recoverable, micrograms per liter -- Pentachlorophenol, water, unfiltered, recoverable, micrograms per liter"
PCATE,Perchlorate,,UG/L,6,MCL,A-031,1039,,,PCATE,,,,"Perchlorate, wf -- Perchlorate, wu",,A-031,"Perchlorate, water, filtered, micrograms per liter -- Perchlorate, water, unfiltered, micrograms per liter -- Perchlorate, water, unfiltered, recoverable, milligrams per liter"
PFEESA,Perfluoro(2-ethoxyethane) sulfonic acid (PFEESA),,NG/L,0,No Comparison Conc.,,2826,,,PFEESA,,,,,,,
PFMPA,Perfluoro-3-methoxypropanoic acid (PFMPA),,NG/L,0,No Comparison Conc.,,2823,,,PFMPA,,,,,,,
PFMBA,Perfluoro-4-methoxybutanoic acid (PFMBA),,NG/L,0,No Comparison Conc.,,2825,,,PFMBA,,,,,,,
PFBSA,Perfluorobutanesulfonic acid,,NG/L,500,NL,C2801,2801,,,PFBSA,,,,"PFBS, wu",,C2801,Perfluorobutanesulfonate
PFBTA,Perfluorobutyric acid,,NG/L,0,No Comparison Conc.,,2819,,,PFBTA -- PFBA,,,,"PFBA, wu",,WRD215,Perfluorobutanoate
PFDSA,Perfluorodecanesulfonic acid,,NG/L,0,No Comparison Conc.,,,,,PFDSA,,,,"PFDS, wu",,WRD216,Perfluorodecanesulfonate
PFNDCA,Perfluorodecanoic acid,,NG/L,0,No Comparison Conc.,C2809,2807,,,PFNDCA,,,,"PFDA, wu",,C2809,Perfluorodecanoate
PFDOA,Perfluorododecanoic acid,,NG/L,0,No Comparison Conc.,C2810,2808,,,PFDOA,,,,,,C2810,Perfluorododecanoate
PFHPSA,Perfluoroheptanesulfonic acid,,NG/L,0,No Comparison Conc.,,2829,,,PFHPSA,,,,"PFHpS, wu",,WRD218,Perfluoroheptanesulfonate
PFHPA,Perfluoroheptanoic acid,,NG/L,0,No Comparison Conc.,C2802,2802,,,PFHPA,,,,"PFHpA, wu",,C2802,Perfluoroheptanoate
PFHXDA,Perfluorohexadecanoic acid,,NG/L,0,No Comparison Conc.,,,,,PFHXDA,,,,,,WRD219,
PFHXSA,Perfluorohexanesulfonic acid,,NG/L,3,NL,C2803,2803,,,PFHXSA,,,,"PFHxS, wu",,C2803,Perfluorohexanesulfonate
PFHA,Perfluorohexanoic acid,,NG/L,0,No Comparison Conc.,C2811,2809,,,PFHA,,,,"PFHxA, wu",,C2811,Perfluorohexanoate
PFNS,Perfluorononanesulfonic acid,,NG/L,0,No Comparison Conc.,,,,,PFNS,,,,"PFNS, wu",,WRD220,Perfluorononanesulfonate
PFNA,Perfluorononanoic acid,,NG/L,0,No Comparison Conc.,C2804,2804,,,PFNA,,,,"PFNA, wu",,C2804,Perfluorononanoate
PFODA,Perfluorooctadecanoic acid,,NG/L,0,No Comparison Conc.,,,,,PFODA,,,,,,WRD221,
PFOSA,Perfluorooctane sulfonamide,,NG/L,0,No Comparison Conc.,,,,,PFOSA,,,,"PFOSA, wu",,WRD222,Perfluorooctanesulfonamide
PFOA,Perfluorooctanoic acid,,NG/L,5.1,NL,C2806,2806,,,PFOA,,,,"PFOA, wu",,C2806,PFOA ion
PFOS,Perfluorooctanoic sulfonate,,NG/L,6.5,NL,C2805,2805,,,PFOS -- PFOS_A,,,,"PFOS, wu",,C2805,Perfluorooctanesulfonate
PFPES,Perfluoropentanesulfonoicacid,,NG/L,0,No Comparison Conc.,,2828,,,PFPES,,,,"PFPeS, wu",,WRD223,Perfluoropentanesulfonate
PFPA,Perfluoropentanoicacid,,NG/L,0,No Comparison Conc.,,2824,,,PFPA,,,,"PFPeA, wu",,WRD224,Perfluoropentanoate
PFTEDA,Perfluorotetradecanoic acid,,NG/L,0,No Comparison Conc.,C2812,2810,,,PFTEDA,,,,"PFTeDA, wu",,C2812,Perfluorotetradecanoate
PFTRIDA,Perfluorotridecanoic acid,,NG/L,0,No Comparison Conc.,C2813,2811,,,PFTRIDA,,,,"PFTrDA, wu",,C2813,Perfluorotridecanoate
PFUNDCA,Perfluoroundecanoic acid,,NG/L,0,No Comparison Conc.,C2814,2812,,,PFUNDCA,,,,,,C2814,Perfluoroundecanoate
PERMETHRIN,Permethrin,,UG/L,4,HBSL,79191,2114,2008,,PERMETHRIN,,,,"cis-Permethrin, w,gf<.7u",,79191,
PHORATE,Phorate,,UG/L,4,HBSL,38870,2605,,Phorate,PHORATE,,,,"Phorate, w,gf<.7u",,38870,"Phorate, water, filtered (0.7 micron glass fiber filter), recoverable, micrograms per liter -- Phorate, water, unfiltered, recoverable, micrograms per liter"
PICLORAM,Picloram,,MG/L,0.5,MCL,39720,2040,,Picloram,PICLORAM,,,,"Picloram, w,gf<.7u",,39720,"Picloram, water, filtered (0.7 micron glass fiber filter), recoverable, micrograms per liter -- Picloram, water, unfiltered, recoverable, micrograms per liter"
PCB1016,Polychlorinated Biphenyls (PCBs),,UG/L,0.5,MCL,39516,2383,,PCB-1016 -- PCB-1260,PCB1016 -- PCB1260,,,,,,39516,"PCBs, bed sediment, recoverable, dry weight, micrograms per kilogram -- PCBs, water, filtered, recoverable, micrograms per liter -- PCBs, water, unfiltered, recoverable, micrograms per liter"
PAHTOT,Polynuclear Aromatic Hydrocarbon,,UG/L,0,No Comparison Conc.,,,,,PAHTOT,,,,,,,
K,Potassium,X,MG/L,0,No Comparison Conc.,937,1042,,Dissolved Potassium,K,POTASSIUM,POTASSIUM,K,"Potassium, wf",,937,"Potassium, bed sediment, dry weight, milligrams per kilogram -- Potassium, water, filtered, milligrams per liter -- Potassium, water, unfiltered, recoverable, milligrams per liter"
PROMETON,Prometon,,UG/L,400,HBSL,39056,2029,499,,PROMETON,,,,"Prometon, wf",,39056,"Prometon, water, filtered, recoverable, micrograms per liter -- Prometon, water, filtered, recoverable, nanograms per liter -- Prometon, water, unfiltered, recoverable, micrograms per liter"
PROMETRYN,Prometryn,,UG/L,300,HBSL,39057,8040,502,Prometryn,PROMETRYN,,,,"Prometryn, wf",,39057,"Prometryn, water, filtered, recoverable, micrograms per liter -- Prometryn, water, filtered, recoverable, nanograms per liter -- Prometryn, water, unfiltered, recoverable, micrograms per liter"
PROPACHLOR,Propachlor (2-Chloro-N-isopropylacetanilide),,UG/L,90,NL,38533,2077,,,PROPACHLOR,,,,,,38533,"Propachlor, water, filtered, recoverable, micrograms per liter"
PROPANIL,Propanil,,UG/L,6,HBSL,39037,2289,,,PROPANIL,,,,"Propanil, w,gf<.7u",,39037,"Propanil, water, filtered (0.7 micron glass fiber filter), recoverable, micrograms per liter -- Propanil, water, filtered, recoverable, nanograms per liter"
PROPGITE,Propargite,,UG/L,1,HBSL,82065,C214,445,,PROPGITE,,,,"Propargite, w,gf<.7u",,82065,"Propargite, water, filtered (0.7 micron glass fiber filter), recoverable, micrograms per liter"
RDX,"RDX (hexahydro-1,3,5-trinitro-1,3,5-triazine)",,MG/L,0.3,NL,81364,2096,,,RDX,,,,,,81364,
RA-226,Radium 226,X,pCi/L,5,MCL,9501,4020,,,RA-226,,,,"Ra-226, wf, radon method",,9501,"Radium-226 2-sigma combined uncertainty, water, filtered, picocuries per liter -- Radium-226, borehole cuttings, dry weight, becquerels per gram -- Radium-226, solids, dry weight, disintegrations per minute per gram -- Radium-226, water, filtered, picocuries per liter -- Radium-226, water, filtered, radon method, picocuries per liter -- Radium-226, water, unfiltered, gamma count, picocuries per liter"
RA-228,Radium 228,X,pCi/L,5,MCL,11501,4030,,,RA-228,,,,"Ra-228, wf",,11501,"Radium-228 2-sigma combined uncertainty, water, filtered, picocuries per liter -- Radium-228, water, filtered, picocuries per liter -- Radium-228, water, unfiltered, gamma count, picocuries per liter -- Radium-228, water, unfiltered, picocuries per liter"
RN-222,Radon 222,X,pCi/L,4000,MCL,82303,4004,,,RN-222,,,,"Rn-222, wu",,82303,"Radon-222 2-sigma combined uncertainty, water, unfiltered, picocuries per liter -- Radon-222 sample-specific minimum detectable concentration, water, unfiltered, picocuries per liter -- Radon-222, water, dissolved, picocuries per liter -- Radon-222, water, unfiltered, picocuries per liter"
SE,Selenium,X,UG/L,50,MCL,1147,1045,,Total Selenium,SE,SELENIUM,,SE,"Selenium, wf","Selenium, Hydride",1147,"Selenium, bed sediment, dry weight, milligrams per kilogram -- Selenium, suspended sediment, total, micrograms per liter -- Selenium, water, filtered, micrograms per liter -- Selenium, water, unfiltered, micrograms per liter"
AG,Silver,X,UG/L,100,HBSL,1077,1050,,Dissolved Silver -- Total Silver,AG,Silver,,AG,"Silver, wf","Silver, FAA",1077,"Silver, bed sediment, dry weight, milligrams per kilogram -- Silver, suspended sediment, recoverable, micrograms per liter -- Silver, water, filtered, micrograms per liter -- Silver, water, unfiltered, recoverable, micrograms per liter"
SIMAZINE,Simazine,,UG/L,4,MCL,39055,2037,531,Simazine,SIMAZINE,,,,"Simazine, wf",,39055,"Simazine, water, filtered, recoverable, micrograms per liter -- Simazine, water, filtered, recoverable, nanograms per liter -- Simazine, water, unfiltered, recoverable, micrograms per liter"
NA,Sodium ,X,MG/L,50,Action Level,929,1052,,,NA,SODIUM,SODIUM,NA,"Sodium, wf","Sodium, FAA",929,"Sodium, bed sediment, dry weight, milligrams per kilogram -- Sodium, bed sediment, recoverable, dry weight, milligrams per kilogram -- Sodium, water, filtered, milligrams per liter -- Sodium, water, unfiltered, recoverable, milligrams per liter -- Sodium fraction of cations, water, percent in equivalents of major cations"
SC,Specific Conductivity,X,UMHOS/CM,1600,SMCL,95,1064,,Conductance (EC),COND -- SC,SPECIFIC CONDUCTANCE,,COND,"SpecCond,wu25degCLab -- Specific cond at 25C",Specific Conductance,95,"Specific conductance, water, unfiltered, field, microsiemens per centimeter at 25 degrees Celsius -- Specific conductance, water, unfiltered, laboratory, microsiemens per centimeter at 25 degrees Celsius -- Specific conductance, water, unfiltered, microsiemens per centimeter at 25 degrees Celsius"
STODSOLV,Stoddard Solvent,X,UG/L,0,No Comparison Conc.,,,,,STODSOLV,,,,,,,
SR,Strontium,X,UG/L,4000,HAL-US,,,,,SR,,,,"Strontium, wf",,,"Strontium, bed sediment, dry weight, milligrams per kilogram -- Strontium, water, filtered, micrograms per liter -- Strontium, water, unfiltered, recoverable, micrograms per liter"
SR-90,Strontium 90,,pCi/L,8,MCL,13501,4174,,,SR-90,,,,,,13501,
STY,Styrene,,UG/L,100,MCL,77128,2996,,Styrene,STY,Styrene,,STY,"Styrene, wu",Styrene,77128,"Styrene, water, unfiltered, recoverable, micrograms per liter"
SULFAMETH,Sulfamethoxazole  ,,UG/L,0,No Comparison Conc.,,,,,SULFAMETH,,,,"Sulfamethoxazole, wf",,,
SO4,Sulfate,X,MG/L,500,SMCL,945,1055,,Dissolved Sulfate,SO4,SULFATE,SULFATE,SO4,"Sulfate, wf",Sulfate,945,"Sulfate, water, filtered, milligrams per liter -- Sulfate, water, unfiltered, field, milligrams per liter -- Sulfate, water, unfiltered, milligrams per liter"
TEMP,Temperature,,CELSIUS,0,No Comparison Conc.,,,,,TEMP,,,,"Temperature, water",,,"Temperature, water, degrees Celsius"
TAME,Tertiary amyl methyl ether,,UG/L,0,No Comparison Conc.,A-034,C034,,,TAME,METHYL TERT-AMYL ETHER/ tert-Amyl Methyl Ether (TAME),,,,METHYL TERT-AMYL ETHER/ tert-Amyl Methyl Ether (TAME),A-034,"Methyl tert-pentyl ether, water, unfiltered, recoverable, micrograms per liter"
PCE,Tetrachloroethene (PCE),,UG/L,5,MCL,34475,2987,,Tetrachloroethene,PCE,TETRACHLOROETHYLENE,,PCE,"Tetrachloroethene, wu",TETRACHLOROETHYLENE/ TETRACHLOROETHENE (PCE),34475,"Tetrachloroethene, water, filtered, recoverable, micrograms per liter -- Tetrachloroethene, water, unfiltered, recoverable, micrograms per liter"
TL,Thallium,X,UG/L,2,MCL,1059,1085,,Dissolved Thallium,TL,THALLIUM,,TL,,"Thallium, GFAA",1059,"Thallium, bed sediment, total digestion, dry weight, milligrams per kilogram -- Thallium, water, filtered, micrograms per liter -- Thallium, water, unfiltered, micrograms per liter"
THIABEND,Thiabendazole,,UG/L,231,HHBP,,,,,THIABEND,,,,"Thiabendazole, wf",,,
THIOBENCARB,Thiobencarb,,UG/L,70,MCL,A-001,2727,1933,Thiobencarb,THIOBENCARB,,,,"Thiobencarb, w,gf<.7u",,A-001,"Thiobencarb, water, filtered (0.7 micron glass fiber filter), recoverable, micrograms per liter -- Thiobencarb, water, filtered, recoverable, nanograms per liter"
BZME,Toluene,,UG/L,150,MCL,34010,2991,,Toluene,BZME,TOLUENE,,BZME,"Toluene, wu",TOLUENE,34010,"Toluene, water, unfiltered, recoverable, micrograms per liter"
COLIFORM,Total Coliform Bacteria,X,Count,0.99,MCL,,,,,COLIFORM,TOTAL COLIFORM,,COLIFORM,,Total Coliform Bacteria,31505,"Total coliforms, M-Endo MF method, immediate, water, colony forming units per 100 milliliters -- Total coliforms, MI MF method, water, colony forming units per 100 milliliters -- Total coliforms, brilliant green lactose broth method, confirmed, water, most probable number per 100 milliliters -- Total coliforms, defined substrate test method (DSTM), water, most probable number per 100 milliliters -- Total coliforms, defined substrate test presence or absence method (DSTM PA), water, presence or absence in 100 milliliters"
TDS,Total Dissolved Solids,X,MG/L,1000,SMCL,70300,1930,,Total Dissolved Solids,TDS,TOTAL DISSOLVED SOLIDS,,TDS,Diss solids dry@180C,"Solids, Total Dissolved",70300,"Dissolved solids dried at 105 degrees Celsius, water, filtered, milligrams per liter -- Dissolved solids dried at 180 degrees Celsius, water, filtered, milligrams per liter -- Dissolved solids, water, filtered, short tons per acre-foot -- Dissolved solids, water, filtered, sum of constituents, milligrams per liter -- Dissolved solids, water, short tons per day"
TOCH,Total Organic Carbon,X,MG/L,0,No Comparison Conc.,680,2920,,Total Organic Carbon,TOC1 -- TOCH,,,,"Organic carbon, wf",,680,"Organic carbon, bed sediment smaller than 2 millimeters, wet sieved (native water), field, recoverable, dry weight, grams per kilogram -- Organic carbon, bed sediment, dry weight, percent -- Organic carbon, bed sediment, total, dry weight, grams per kilogram -- Organic carbon, solids, dry weight, percent -- Organic carbon, suspended sediment, total, milligrams per liter -- Organic carbon, water, filtered, milligrams per liter -- Organic carbon, water, unfiltered, milligrams per liter"
PHC,Total Petroleum Hydrocarbons,X,UG/L,0,No Comparison Conc.,,,,,PHC,,,,,,,
THM,Total Trihalomethanes ,,UG/L,80,MCL,82080,2950,,,THM,TOTAL TRIHALOMETHANES,,TTHM,,TOTAL TRIHALOMETHANES,82080,"Trihalomethanes, water, unfiltered, maximum summation, micrograms per liter -- Trihalomethanes, water, unfiltered, minimum summation, micrograms per liter"
TOXAP,Toxaphene,,UG/L,3,MCL,39400,2020,594,Toxaphene,TOXAP,,,,,,39400,"Toxaphene, bed sediment, recoverable, dry weight, micrograms per kilogram -- Toxaphene, water, filtered, recoverable, micrograms per liter -- Toxaphene, water, unfiltered, recoverable, micrograms per liter"
TRICLOPYR,Trichlopyr,,UG/L,400,HBSL,,,,Triclopyr,TRICLOPYR,,,,"Triclopyr, w,gf<.7u",,,"Triclopyr, water, filtered (0.7 micron glass fiber filter), recoverable, micrograms per liter"
TCAA,Trichloroacetic Acid,,UG/L,0,No Comparison Conc.,82723,2452,,,TCAA,,,,,,82723,
TCE,Trichloroethene (TCE),,UG/L,5,MCL,39180,2984,,Trichloroethene,TCE,Trichloroethene/ Trichloroethylene,,TCE,"Trichloroethene, wu",Trichloroethene/ Trichloroethylene (TCE),39180,"Trichloroethene, water, unfiltered, recoverable, micrograms per liter"
FC11,Trichlorofluoromethane (Freon 11),,UG/L,150,MCL,34488,2218,,Trichlorofluoromethane,FC11,Trichlorofluoromethane (FREON 11),,FC11,"CFC-11, wu",Trichlorofluoromethane (FREON 11),34488,"Trihalomethanes, water, unfiltered, maximum summation, micrograms per liter -- Trihalomethanes, water, unfiltered, minimum summation, micrograms per liter"
TRIFLURALIN,Trifluralin,,UG/L,20,HBSL,81284,2055,,Trifluralin,TRIFLURALIN,,,,"Trifluralin, w,gf<.7u",,81284,"Trifluralin, water, filtered (0.7 micron glass fiber filter), recoverable, micrograms per liter -- Trifluralin, water, unfiltered, recoverable, micrograms per liter"
TRIMETHOP,Trimethoprim,,UG/L,0,No Comparison Conc.,,,,,TRIMETHOP,,,,"Trimethoprim, wf",,,
H-3,Tritium,X,pCi/L,20000,MCL,7000,4102,,,H-3,,,,"Tritium, wu",,7000,"Tritium 2-sigma combined uncertainty, water, unfiltered, picocuries per liter -- Tritium counting error, water, unfiltered, tritium units -- Tritium in water molecules counting error, tritium units -- Tritium in water molecules, tritium units -- Tritium, water, unfiltered, picocuries per liter -- Tritium, water, unfiltered, tritium units"
W,Tungsten,X,UG/L,0,No Comparison Conc.,,,,,W,,,,"Tungsten, wf",,,
U,Uranium,X,pCi/L,20,MCL,28011 -- 28012, -- 4006,,,U -- UTOT,,,,"Uranium, wf -- Uranium, wf",,28011 -- 28012,"Uranium (natural) 2-sigma combined uncertainty, water, filtered, micrograms per liter -- Uranium (natural), water, filtered, micrograms per liter -- Uranium (natural), water, unfiltered, micrograms per liter -- Uranium, bed sediment, dry weight, milligrams per kilogram -- Uranium, water, filtered, extraction fluorometric method, micrograms per liter -- Uranium-238 2-sigma combined uncertainty, water, filtered, picocuries per liter -- Uranium-238, water, filtered, picocuries per liter -- Uranium-238, water, unfiltered, picocuries per liter -- Uranium-234 2-sigma combined uncertainty, water, filtered, picocuries per liter -- Uranium-234, water, filtered, picocuries per liter -- Uranium-234, water, unfiltered, picocuries per liter -- Uranium-235 2-sigma combined uncertainty, water, filtered, picocuries per liter -- Uranium-235, water, filtered, picocuries per liter -- Uranium-235, water, unfiltered, picocuries per liter"
V,Vanadium,X,UG/L,50,NL,1087,1088,,,V,,,,"Vanadium, wf",,1087,"Vanadium, bed sediment, dry weight, milligrams per kilogram -- Vanadium, water, filtered, micrograms per liter -- Vanadium, water, unfiltered, micrograms per liter"
VC,Vinyl Chloride,,UG/L,0.5,MCL,39175,2976,,Vinyl chloride,VC,Vinyl Chloride,,VC,"Vinyl chloride, wu",Vinyl Chloride,39175,"Vinyl chloride, water, unfiltered, recoverable, micrograms per liter"
WARFARIN,Warfarin ,,UG/L,2,HBSL,,,,,WARFARIN,,,,"Warfarin, wf",,,
XE,Xenon,X,cm3STP/g,0,No Comparison Conc.,,,,,XE,,,,,,,"Xenon error, water, unfiltered, cubic centimeters per gram at standard temperature and pressure -- Xenon, water, dissolved, cubic centimeters per gram at standard temperature and pressure"
XYLENES1314,"Xylene, Isomers m & p",,UG/L,1750,MCL,A-014,2963,,m + p Xylene,XYLENES1314,"M,P-XYLENE",,XYLENES1314,"m-Xylene plus p-xylene, wu","M,P-XYLENE",A-014,
XYLENES,Xylenes (total),,UG/L,1750,MCL,81551,2955,,"Xylene, (total)",XYLENES,XYLENES (TOTAL),,XYLENES,,"XYLENES (TOTAL M, P, O)",81551,"Xylene (all isomers), water, unfiltered, recoverable, micrograms per liter"
ZN,Zinc,X,MG/L,5,SMCL,1092,1095,,Dissolved Zinc -- Total Zinc,ZN,ZINC,,ZN,"Zinc, wf","Zinc, FAA",1092,"Zinc, bed sediment, dry weight, milligrams per kilogram -- Zinc, suspended sediment, recoverable, micrograms per liter -- Zinc, water, filtered, micrograms per liter -- Zinc, water, unfiltered, recoverable, micrograms per liter"
HCO3,bicarbonate HCO3,X,MG/L,0,No Comparison Conc.,,,,Dissolved Bicarbonate (HCO3-),HCO3,BICARBONATE,,HCO3,"Bicarbonate,wf,inflect pt,fld",,,"Bicarbonate, water, filtered, Gran titration, field, milligrams per liter -- Bicarbonate, water, filtered, fixed endpoint (pH 4.5) titration, field, milligrams per liter -- Bicarbonate, water, filtered, inflection-point titration method (incremental titration method), field, milligrams per liter -- Bicarbonate, water, filtered, inflection-point titration method (incremental titration method), laboratory, milligrams per liter -- Bicarbonate, water, unfiltered, Gran titration, field, milligrams per liter -- Bicarbonate, water, unfiltered, fixed endpoint (pH 4.5) titration, field, milligrams per liter -- Bicarbonate, water, unfiltered, fixed endpoint (pH 4.5) titration, laboratory, milligrams per liter -- Bicarbonate, water, unfiltered, inflection-point titration method (incremental titration method), field, milligrams per liter -- Bicarbonate, water, unfiltered, inflection-point titration method (incremental titration method), laboratory, milligrams per liter"
CO3,carbonate CO3,X,MG/L,0,No Comparison Conc.,,,,Dissolved Carbonate (CO3--),CO3,CARBONATE,,CO3,"Carbonate, wf,inflect pt,fld",,,"Carbonate, water, filtered, Gran titration, field, milligrams per liter -- Carbonate, water, filtered, fixed endpoint (pH 8.3) titration, field, milligrams per liter -- Carbonate, water, filtered, inflection-point titration method (incremental titration method), field, milligrams per liter -- Carbonate, water, unfiltered, Gran titration, field, milligrams per liter -- Carbonate, water, unfiltered, fixed endpoint (pH 8.3) titration, field, milligrams per liter -- Carbonate, water, unfiltered, fixed endpoint (pH 8.3) titration, laboratory, milligrams per liter -- Carbonate, water, unfiltered, inflection-point titration method (incremental titration method), field, milligrams per liter -- Carbonate, water, unfiltered, inflection-point titration method (incremental titration method), field, milligrams per liter as calcium carbonate -- Carbonate, water, unfiltered, inflection-point titration method (incremental titration method), laboratory, milligrams per liter -- Carbonate, water, unfiltered, milligrams per liter as calcium carbonate"
DCE12C,"cis-1,2 Dichloroethylene",,UG/L,6,MCL,77093,2380,,"cis-1,2-Dichloroethene",DCE12C,"cis-1,2-Dichloroethene/ cis-1,2-Dichloroethylene ",,DCE12C,,"cis-1,2-Dichloroethene/ cis-1,2-Dichloroethylene ",77093,"cis-1,2-Dichloroethene, water, unfiltered, recoverable, micrograms per liter"
OXYGEN18,d-18O in Water,X,per mil,0,No Comparison Conc.,,,,,OXYGEN18,,,,,,,
H2H1RAT,delta H2/H1,X,per mil,0,No Comparison Conc.,,,,,H2H1RAT,,,,"delta H-2/ H-1, wu",,,"delta hydrogen-2/ hydrogen-1 of methane, water, dissolved, relative to Vienna Standard Mean Ocean Water (VSMOW), per mil -- delta hydrogen-2/ hydrogen-1, water, unfiltered, per mil"
N15N14NO3,"delta N-15, NO3",X,per mil,0,No Comparison Conc.,,,,,N15N14NO3,,,,"delta N-15/ N-14, NO3, wf",,,"delta nitrogen-15/ nitrogen-14 of ammonia, water, filtered, per mil -- delta nitrogen-15/ nitrogen-14 of dinitrogen, water, unfiltered, per mil -- delta nitrogen-15/ nitrogen-14 of nitrate, water, filtered, per mil -- delta nitrogen-15/ nitrogen-14 of total nitrogen, solids, per mil -- delta nitrogen-15/ nitrogen-14, water, unfiltered, per mil"
O18O16NO3,"delta O18, NO3",X,per mil,0,No Comparison Conc.,,,,,O18O16NO3,,,,"delta O-18/ O-16, NO3, wf",,,
O18O16RAT,delta O18/O16 in water,X,per mil,0,No Comparison Conc.,,,,,O18O16RAT,,,,"delta O-18/ O-16, wu",,,"delta oxygen-18/ oxygen-16 of nitrate, water, filtered, per mil -- delta oxygen-18/ oxygen-16 of sulfate, water, filtered, per mil -- delta oxygen-18/ oxygen-16, water, unfiltered, per mil"
DIPE,diisopropyl ether,,UG/L,0,No Comparison Conc.,A-036,2245,,,DIPE,,,,"Diisopropyl ether, wu",,A-036,
XYLM,m-Xylene,,UG/L,0,No Comparison Conc.,81710,2995,,,XYLM,,,,,M-XYLENE,,
BTBZN,n-Butylbenzene,,UG/L,260,NL,A-010,2422,,n-Butylbenzene,BTBZN,n-BUTYLBENZENE,,BTBZN,"N(4Chlorophenyl)N'methylurea -- n-Butylbenzene, wu",n-BUTYLBENZENE,A-010,"n-Butylbenzene, water, unfiltered, recoverable, micrograms per liter"
PBZN,n-Propylbenzene (Isocumene),,UG/L,260,NL,77224,2998,,,PBZN,n-Propylbenzene,,PBZN,"n-Propylbenzene, wu",n-Propylbenzene,77224,"n-Propylbenzene, water, unfiltered, recoverable, micrograms per liter"
XYLO,o-Xylene,,UG/L,0,No Comparison Conc.,77135,2997,,o-Xylene,XYLO,O-XYLENE,,XYLO,"o-Xylene, wu",O-XYLENE,77135,"o-Xylene, water, unfiltered, recoverable, micrograms per liter"
PORTHO,orthophosphate,X,MG/L,0,No Comparison Conc.,660,1044,,,PORTHO,,,,"Orthophosphate, wf",,660,
XYLP,p-Xylene,,UG/L,0,No Comparison Conc.,78132,2962,,,XYLP,,,,,P-XYLENE,,
PH,pH,X,PH UNITS,0,No Comparison Conc.,00400 -- 00403,C253 -- 1925,,pH,PH,"PH, LABORATORY",,PH,"pH -- pH, wu,lab",pH,00400 -- 00403,"pH, water, area weighted average, standard units -- pH, water, unfiltered, field, standard units"
BTBZS,sec-Butylbenzene,,UG/L,260,NL,77350,2428,,sec-Butylbenzene,BTBZS,sec-Butylbenzene,,BTBZS,"sec-Butylbenzene, wu",sec-Butylbenzene,77350,"sec-Butylbenzene, water, unfiltered, recoverable, micrograms per liter"
TEBUTHIURON,tebuthiuron,,UG/L,1000,HBSL,45607,2271,1810,,TEBUTHIURON,,,,"Tebuthiuron, w,gf<.7u",,45607,"Tebuthiuron, water, filtered (0.7 micron glass fiber filter), recoverable, micrograms per liter"
TBA,tert-Butyl alcohol (TBA),,UG/L,12,NL,77035,C170,,,TBA,TERT-BUTYL ALCOHOL,,,,TERT-BUTYL ALCOHOL (TBA),77035,
BTBZT,tert-Butylbenzene,,UG/L,260,NL,77353,2426,,tert-Butylbenzene,BTBZT,tert-Butylbenzene,,BTBZT,,tert-Butylbenzene,77353,"tert-Butylbenzene, water, unfiltered, recoverable, micrograms per liter"
DCE12T,"trans-1,2, Dichloroethylene",,UG/L,10,MCL,34546,2979,,"trans-1,2-Dichloroethene",DCE12T,"trans-1,2-Dichloroethene/ trans-1,2-Dichloroethylene ",,DCE12T,"trans-1,2-Dichloroethene, wu","trans-1,2-Dichloroethene/ trans-1,2-Dichloroethylene ",34546,"trans-1,2-Dichloroethene, water, unfiltered, recoverable, micrograms per liter"
